Id;LotArea;Neighborhood;OverallQual;YearBuilt;TotalBsmtSF;FullBath;KitchenQual;SalePrice
1;8450;CollgCr;7;2003;856;2;Gd;208500
2;9600;Veenker;6;1976;1262;2;TA;181500
3;11250;CollgCr;7;2001;920;2;Gd;223500
4;9550;Crawfor;7;1915;756;1;Gd;140000
5;14260;NoRidge;8;2000;1145;2;Gd;250000
6;14115;Mitchel;5;1993;796;1;TA;143000
7;10084;Somerst;8;2004;1686;2;Gd;307000
8;10382;NWAmes;7;1973;1107;2;TA;200000
9;6120;OldTown;7;1931;952;2;TA;129900
10;7420;BrkSide;5;1939;991;1;TA;118000
11;11200;Sawyer;5;1965;1040;1;TA;129500
12;11924;NridgHt;9;2005;1175;3;Ex;345000
13;12968;Sawyer;5;1962;912;1;TA;144000
14;10652;CollgCr;7;2006;1494;2;Gd;279500
15;10920;NAmes;6;1960;1253;1;TA;157000
16;6120;BrkSide;7;1929;832;1;TA;132000
17;11241;NAmes;6;1970;1004;1;TA;149000
18;10791;Sawyer;4;1967;0;2;TA;90000
19;13695;SawyerW;5;2004;1114;1;Gd;159000
20;7560;NAmes;5;1958;1029;1;TA;139000
21;14215;NridgHt;8;2005;1158;3;Gd;325300
22;7449;IDOTRR;7;1930;637;1;Gd;139400
23;9742;CollgCr;8;2002;1777;2;Gd;230000
24;4224;MeadowV;5;1976;1040;1;TA;129900
25;8246;Sawyer;5;1968;1060;1;Gd;154000
26;14230;NridgHt;8;2007;1566;2;Gd;256300
27;7200;NAmes;5;1951;900;1;Gd;134800
28;11478;NridgHt;8;2007;1704;2;Gd;306000
29;16321;NAmes;5;1957;1484;1;TA;207500
30;6324;BrkSide;4;1927;520;1;Fa;68500
31;8500;IDOTRR;4;1920;649;1;TA;40000
32;8544;Sawyer;5;1966;1228;1;Gd;149350
33;11049;CollgCr;8;2007;1234;2;Gd;179900
34;10552;NAmes;5;1959;1398;1;Gd;165500
35;7313;NridgHt;9;2005;1561;2;Ex;277500
36;13418;NridgHt;8;2004;1117;3;Gd;309000
37;10859;CollgCr;5;1994;1097;1;TA;145000
38;8532;NAmes;5;1954;1297;1;TA;153000
39;7922;NAmes;5;1953;1057;1;Gd;109000
40;6040;Edwards;4;1955;0;2;Fa;82000
41;8658;NAmes;6;1965;1088;2;TA;160000
42;16905;Timber;5;1959;1350;1;TA;170000
43;9180;SawyerW;5;1983;840;1;Gd;144000
44;9200;CollgCr;5;1975;938;1;TA;130250
45;7945;NAmes;5;1959;1150;1;TA;141000
46;7658;NridgHt;9;2005;1752;2;Ex;319900
47;12822;Mitchel;7;2003;1434;1;Gd;239686
48;11096;Somerst;8;2006;1656;2;Gd;249700
49;4456;OldTown;4;1920;736;2;TA;113000
50;7742;Sawyer;5;1966;955;1;TA;127000
51;13869;Gilbert;6;1997;794;2;TA;177000
52;6240;BrkSide;6;1934;816;1;TA;114500
53;8472;IDOTRR;5;1963;816;1;TA;110000
54;50271;Veenker;9;1981;1842;0;Gd;385000
55;7134;NAmes;5;1955;384;1;TA;130000
56;10175;NAmes;6;1964;1425;2;TA;180500
57;2645;Somerst;8;1999;970;2;Gd;172500
58;11645;CollgCr;7;2004;860;2;Gd;196500
59;13682;StoneBr;10;2006;1410;3;Gd;438780
60;7200;CollgCr;5;1972;780;1;TA;124900
61;13072;SawyerW;6;2004;1158;1;Gd;158000
62;7200;IDOTRR;5;1920;530;1;Fa;101000
63;6442;NridgHt;8;2006;1370;2;Gd;202500
64;10300;OldTown;7;1921;576;2;TA;140000
65;9375;CollgCr;7;1997;1057;2;Gd;219500
66;9591;NridgHt;8;2004;1143;2;Gd;317000
67;19900;NAmes;7;1970;1947;2;TA;180000
68;10665;CollgCr;7;2003;1453;2;Gd;226000
69;4608;OldTown;4;1945;747;1;TA;80000
70;15593;ClearCr;7;1953;1304;2;TA;225000
71;13651;NAmes;7;1973;2223;2;TA;244000
72;7599;Mitchel;4;1982;845;1;TA;129500
73;10141;Gilbert;7;1998;832;2;TA;185000
74;10200;NAmes;5;1954;1086;1;TA;144900
75;5790;OldTown;3;1915;840;2;TA;107400
76;1596;MeadowV;4;1973;462;1;TA;91000
77;8475;NAmes;4;1956;952;1;TA;135750
78;8635;BrkSide;5;1948;672;1;TA;127000
79;10778;Sawyer;4;1968;1768;2;TA;136500
80;10440;OldTown;5;1910;440;1;TA;110000
81;13000;NAmes;6;1968;896;2;Gd;193500
82;4500;Mitchel;6;1998;1237;2;TA;153500
83;10206;Somerst;8;2007;1563;2;Gd;245000
84;8892;NAmes;5;1960;1065;1;TA;126500
85;8530;Gilbert;7;1995;384;2;TA;168500
86;16059;NoRidge;8;1991;1288;2;Gd;260000
87;11911;Gilbert;6;2005;684;2;Gd;174000
88;3951;Somerst;6;2009;612;2;Gd;164500
89;8470;IDOTRR;3;1915;1013;1;Fa;85000
90;8070;CollgCr;4;1994;990;1;TA;123600
91;7200;NAmes;4;1950;0;1;TA;109900
92;8500;NAmes;5;1961;1235;1;TA;98600
93;13360;Crawfor;5;1921;876;1;TA;163500
94;7200;OldTown;6;1910;1214;2;TA;133900
95;9337;CollgCr;6;1997;824;2;Gd;204750
96;9765;Gilbert;6;1993;680;2;TA;185000
97;10264;CollgCr;7;1999;1588;2;Gd;214000
98;10921;Edwards;4;1965;960;1;TA;94750
99;10625;Edwards;5;1920;458;1;TA;83000
100;9320;NAmes;4;1959;950;1;TA;128950
101;10603;NWAmes;6;1977;1610;2;Gd;205000
102;9206;SawyerW;6;1985;741;2;Gd;178000
103;7018;SawyerW;5;1979;0;2;TA;118964
104;10402;CollgCr;7;2009;1226;2;Gd;198900
105;7758;IDOTRR;7;1931;1040;1;TA;169500
106;9375;Somerst;8;2003;1053;2;Gd;250000
107;10800;OldTown;4;1885;641;1;TA;100000
108;6000;OldTown;5;1948;789;1;TA;115000
109;8500;IDOTRR;5;1919;793;2;Fa;115000
110;11751;NWAmes;6;1977;1844;2;TA;190000
111;9525;Edwards;6;1954;994;2;TA;136900
112;7750;Gilbert;7;2000;384;2;TA;180000
113;9965;CollgCr;7;2007;1264;2;Ex;383970
114;21000;Crawfor;6;1953;1809;2;Gd;217000
115;7259;Crawfor;6;1945;1028;2;Gd;259500
116;3230;Somerst;6;1999;729;2;TA;176000
117;11616;Sawyer;5;1962;1092;1;TA;139000
118;8536;Edwards;5;2006;1125;1;TA;155000
119;12376;SawyerW;7;1990;1673;3;Gd;320000
120;8461;CollgCr;6;2005;728;2;Gd;163990
121;21453;ClearCr;6;1969;938;1;TA;180000
122;6060;IDOTRR;4;1939;732;1;TA;100000
123;9464;NAmes;6;1958;1080;1;TA;136000
124;7892;SawyerW;6;1993;1199;2;Gd;153900
125;17043;NWAmes;6;1979;1362;2;TA;181000
126;6780;IDOTRR;6;1935;520;1;TA;84500
127;4928;NPkVill;6;1976;1078;2;TA;128000
128;4388;OldTown;5;1930;672;1;TA;87000
129;7590;NAmes;6;1966;660;1;TA;155000
130;8973;NAmes;5;1958;1008;1;Ex;150000
131;14200;NAmes;7;1966;924;2;Gd;226000
132;12224;Gilbert;6;2000;992;2;Gd;244000
133;7388;NAmes;5;1959;1063;1;Gd;150750
134;6853;Timber;8;2001;1267;2;Gd;220000
135;10335;Sawyer;5;1968;1461;2;TA;180000
136;10400;NWAmes;7;1970;1304;2;TA;174000
137;10355;NAmes;5;1967;1214;2;TA;143000
138;11070;Mitchel;7;1988;1907;3;TA;171000
139;9066;CollgCr;8;1999;1004;2;Gd;230000
140;15426;CollgCr;6;1997;928;2;Gd;231500
141;10500;NAmes;4;1971;864;1;TA;115000
142;11645;CollgCr;7;2005;1734;2;Gd;260000
143;8520;NAmes;5;1952;910;2;TA;166000
144;10335;CollgCr;7;1999;1490;2;Gd;204000
145;9100;Sawyer;5;1963;1728;2;TA;125000
146;2522;Edwards;6;2004;970;2;Gd;130000
147;6120;BrkSide;5;1931;715;1;TA;105000
148;9505;Gilbert;7;2001;884;2;Gd;222500
149;7500;SawyerW;7;2004;1080;1;Gd;141000
150;6240;BrkSide;5;1936;896;1;TA;115000
151;10356;CollgCr;5;1975;969;1;TA;122000
152;13891;NridgHt;8;2007;1710;2;Gd;372402
153;14803;NWAmes;6;1971;825;2;TA;190000
154;13500;ClearCr;6;1960;1602;1;TA;235000
155;11340;OldTown;6;1923;1200;1;TA;125000
156;9600;Edwards;6;1924;572;1;TA;79000
157;7200;NAmes;5;1950;0;1;TA;109500
158;12003;Timber;8;2009;774;2;Ex;269500
159;12552;Somerst;7;2004;991;2;Gd;254900
160;19378;Gilbert;7;2005;1392;2;Gd;320000
161;11120;Veenker;6;1984;1232;2;TA;162500
162;13688;NridgHt;9;2003;1572;2;Ex;412500
163;12182;NridgHt;7;2005;1541;2;Gd;220000
164;5500;OldTown;4;1956;882;1;TA;103200
165;5400;OldTown;6;1926;1149;2;Gd;152000
166;10106;Edwards;5;1940;644;2;TA;127500
167;10708;ClearCr;5;1955;1617;1;TA;190000
168;10562;NridgHt;8;2007;1582;1;Ex;325624
169;8244;Gilbert;7;2004;840;2;Gd;183500
170;16669;Timber;8;1981;1686;2;TA;228000
171;12358;OldTown;5;1941;720;1;TA;128500
172;31770;NAmes;6;1960;1080;1;TA;215000
173;5306;StoneBr;7;1987;1064;2;Gd;239000
174;10197;NAmes;6;1961;1362;1;TA;163000
175;12416;Timber;6;1986;1606;2;TA;184000
176;12615;Edwards;6;1950;1202;2;Gd;243000
177;10029;ClearCr;6;1988;1151;2;TA;211000
178;13650;Sawyer;5;1958;1052;2;Gd;172500
179;17423;StoneBr;9;2008;2216;2;Ex;501837
180;8520;OldTown;5;1923;968;1;TA;100000
181;2117;Somerst;6;2000;756;2;Gd;177000
182;7588;Crawfor;7;1920;793;1;TA;200100
183;9060;Edwards;5;1957;0;1;TA;120000
184;11426;OldTown;7;2003;1362;2;Gd;200000
185;7438;BrkSide;5;1908;504;1;TA;127000
186;22950;OldTown;10;1892;1107;2;Ex;475000
187;9947;Mitchel;7;1990;1188;2;Gd;173000
188;10410;OldTown;5;1916;660;2;TA;135000
189;7018;SawyerW;5;1979;1086;0;TA;153337
190;4923;StoneBr;8;2001;1593;1;Ex;286000
191;10570;Crawfor;8;1932;853;2;Gd;315000
192;7472;NAmes;7;1972;725;1;Gd;184000
193;9017;CollgCr;7;1999;1431;2;Gd;192000
194;2522;Edwards;7;2004;970;2;Gd;130000
195;7180;CollgCr;5;1972;864;1;TA;127000
196;2280;NPkVill;6;1976;855;2;TA;148500
197;9416;Somerst;7;2007;1726;2;Ex;311872
198;25419;NAmes;8;1918;1360;2;Gd;235000
199;5520;OldTown;6;1912;755;1;TA;104000
200;9591;NridgHt;8;2004;1713;2;Ex;274900
201;8546;Edwards;4;2003;1121;2;TA;140000
202;10125;Mitchel;6;1977;1196;2;TA;171500
203;7000;OldTown;6;1924;617;2;TA;112000
204;4438;CollgCr;6;2004;848;1;Gd;149000
205;3500;OldTown;5;1947;720;1;TA;110000
206;11851;Gilbert;7;1990;1424;2;TA;180500
207;13673;Sawyer;5;1962;1140;1;TA;143900
208;12493;NAmes;4;1960;1100;1;TA;141000
209;14364;SawyerW;7;1988;1157;2;TA;277000
210;8250;NAmes;6;1964;1092;1;TA;145000
211;5604;Edwards;5;1925;864;1;TA;98000
212;10420;Edwards;6;2009;1212;2;Gd;186000
213;8640;Somerst;7;2009;900;2;Gd;252678
214;13568;CollgCr;5;1995;990;1;TA;156000
215;10900;CollgCr;6;1977;689;1;TA;161750
216;10011;NAmes;5;1957;1070;1;Gd;134450
217;8450;CollgCr;7;2004;1436;2;Gd;210000
218;9906;OldTown;4;1925;686;1;TA;107000
219;15660;Crawfor;7;1939;798;1;Gd;311500
220;3010;Blmngtn;7;2005;1248;2;Gd;167240
221;8990;CollgCr;7;2006;1498;2;Gd;204900
222;8068;Gilbert;6;2002;1010;2;Gd;200000
223;11475;NWAmes;6;1975;713;2;TA;179900
224;10500;NAmes;4;1971;864;1;TA;97000
225;13472;NridgHt;10;2003;2392;2;Ex;386250
226;1680;BrDale;5;1971;630;2;TA;112000
227;9950;NoRidge;7;1995;1203;2;Gd;290000
228;1869;BrDale;6;1970;483;1;TA;106000
229;8521;Sawyer;5;1967;912;1;TA;125000
230;3182;Blmngtn;7;2005;1373;2;Gd;192500
231;8760;NAmes;6;1959;1194;1;TA;148000
232;15138;NoRidge;8;1995;1462;2;Ex;403000
233;1680;BrDale;6;1972;483;1;TA;94500
234;10650;CollgCr;5;1976;894;1;TA;128200
235;7851;Gilbert;6;2002;860;2;Gd;216500
236;1680;BrDale;6;1971;483;1;TA;89500
237;8773;CollgCr;7;2004;1414;2;Gd;185500
238;9453;SawyerW;7;1993;996;2;Gd;194500
239;12030;NridgHt;8;2007;1694;2;Gd;318000
240;8741;Edwards;6;1945;735;1;TA;113000
241;9000;Somerst;8;2008;1566;2;Gd;262500
242;3880;OldTown;5;1945;686;1;Gd;110500
243;5000;OldTown;5;1900;540;1;TA;79000
244;10762;SawyerW;6;1980;626;1;TA;120000
245;8880;SawyerW;7;1994;948;2;Gd;205000
246;10400;NWAmes;7;1988;1845;2;TA;241500
247;9142;OldTown;6;1910;1020;2;Fa;137000
248;11310;NAmes;6;1954;1367;1;TA;140000
249;11317;CollgCr;7;2003;840;2;Gd;180000
250;159000;ClearCr;6;1958;1444;2;Gd;277000
251;5350;BrkSide;3;1940;728;1;Fa;76500
252;4750;Crawfor;8;2006;1573;2;Gd;235000
253;8366;SawyerW;6;2004;798;2;Gd;173000
254;9350;NAmes;6;1964;1302;2;Gd;158000
255;8400;NAmes;5;1957;1314;1;TA;145000
256;8738;Gilbert;7;1999;975;2;Gd;230000
257;8791;Somerst;6;2003;864;2;Gd;207500
258;8814;CollgCr;7;2006;1604;2;Gd;220000
259;12435;CollgCr;7;2001;963;2;Gd;231500
260;12702;OldTown;5;1956;0;1;TA;97000
261;19296;NAmes;6;1962;1362;1;TA;176000
262;9588;CollgCr;8;2007;1482;2;Ex;276000
263;8471;Sawyer;6;1977;506;1;TA;151000
264;5500;OldTown;5;1929;926;1;TA;130000
265;5232;OldTown;5;1925;680;1;TA;73000
266;12090;NWAmes;6;1981;1422;2;Gd;175500
267;11207;Gilbert;6;1997;802;2;TA;185000
268;8400;SWISU;5;1939;720;2;Gd;179500
269;6900;IDOTRR;5;1940;740;1;TA;120500
270;7917;Edwards;6;1976;1143;1;TA;148000
271;10728;Somerst;8;2006;1095;2;Gd;266000
272;39104;ClearCr;7;1954;1385;1;TA;241500
273;11764;NoRidge;8;1999;1152;2;Gd;290000
274;9600;NAmes;6;1958;1240;2;TA;139000
275;8314;Mitchel;5;1982;816;1;TA;124500
276;7264;BrkSide;7;1925;952;2;Ex;205000
277;9196;Mitchel;7;2003;1560;2;Gd;201000
278;19138;Gilbert;4;1951;864;1;TA;141000
279;14450;NridgHt;9;2006;2121;2;Ex;415298
280;10005;ClearCr;7;1977;1160;2;TA;192000
281;11287;SawyerW;7;1989;807;2;Gd;228500
282;7200;Somerst;6;2006;1262;2;Gd;185000
283;5063;NridgHt;7;2007;1314;2;Gd;207500
284;9612;Somerst;8;2008;1468;2;Gd;244600
285;8012;SawyerW;6;1992;1575;2;Gd;179200
286;4251;Somerst;7;2006;625;2;Gd;164700
287;9786;NAmes;6;1962;912;1;Gd;159000
288;8125;NAmes;4;1971;858;1;TA;88000
289;9819;Sawyer;5;1967;882;1;TA;122000
290;8730;BrkSide;6;1915;698;1;TA;153575
291;15611;CollgCr;8;2006;1079;2;Gd;233230
292;5687;SWISU;5;1912;780;2;Fa;135900
293;11409;Edwards;5;1949;768;1;TA;131000
294;16659;NWAmes;7;1977;795;2;Gd;235000
295;9600;NAmes;6;1953;1416;1;TA;167000
296;7937;Mitchel;6;1984;1003;1;TA;142500
297;13710;IDOTRR;5;1950;910;1;TA;152000
298;7399;Somerst;7;1997;975;2;Gd;239000
299;11700;NWAmes;6;1968;702;1;TA;175000
300;14000;Crawfor;6;1950;1092;1;Gd;158500
301;15750;Crawfor;5;1953;1165;1;TA;157000
302;16226;CollgCr;8;1998;1028;2;Gd;267000
303;13704;CollgCr;7;2001;1541;2;Gd;205000
304;9800;CollgCr;5;1972;894;1;TA;149900
305;18386;OldTown;7;1880;1470;3;Gd;295000
306;10386;CollgCr;8;2004;2000;2;Gd;305900
307;13474;SawyerW;7;1990;700;2;Gd;225000
308;7920;IDOTRR;6;1920;319;1;Fa;89500
309;12342;Edwards;4;1940;861;1;TA;82500
310;12378;NridgHt;9;2003;1896;2;Ex;360000
311;7685;Gilbert;6;1993;697;2;Gd;165600
312;8000;NAmes;6;1948;972;1;TA;132000
313;7800;OldTown;5;1939;793;1;TA;119900
314;215245;Timber;7;1965;2136;2;TA;375000
315;9600;OldTown;7;1925;728;1;Ex;178000
316;7795;Gilbert;7;2004;716;2;Gd;188500
317;13005;NWAmes;7;1980;845;2;Ex;260000
318;9000;Somerst;8;2006;1088;2;Gd;270000
319;9900;NoRidge;7;1993;1347;2;Gd;260000
320;14115;NWAmes;7;1980;1372;2;TA;187500
321;16259;NridgHt;9;2006;1249;3;Gd;342643
322;12099;NridgHt;8;2004;1136;2;Gd;354000
323;10380;SawyerW;7;1986;1502;2;Gd;301000
324;5820;OldTown;3;1955;1162;1;TA;126175
325;11275;NAmes;7;1967;710;2;Gd;242000
326;5000;IDOTRR;5;1941;720;1;TA;87000
327;10846;Veenker;8;1993;1719;1;Gd;324000
328;11600;NAmes;6;1960;1383;1;TA;145250
329;11888;BrkSide;6;1916;844;2;Gd;214500
330;6402;IDOTRR;5;1920;596;1;TA;78000
331;10624;NAmes;5;1964;1728;2;TA;119000
332;8176;NAmes;5;1958;1056;1;TA;139000
333;10655;NridgHt;8;2003;3206;2;Gd;284000
334;8198;NridgHt;7;2004;1358;2;Gd;207000
335;9042;Gilbert;6;1998;943;2;TA;192000
336;164660;Timber;5;1965;1499;2;TA;228950
337;14157;StoneBr;9;2005;1922;2;Gd;377426
338;9135;CollgCr;7;2002;1536;2;Gd;214000
339;14145;NWAmes;7;1984;1208;2;Gd;202500
340;12400;NAmes;6;1958;1215;1;TA;155000
341;14191;Timber;8;2002;967;2;Gd;202900
342;8400;SawyerW;4;1950;721;1;TA;82000
343;8544;NAmes;3;1949;0;2;TA;87500
344;8849;NridgHt;9;2005;1684;2;Ex;266000
345;2592;MeadowV;5;1976;536;1;TA;85000
346;6435;BrkSide;6;1939;972;1;Fa;140200
347;12772;NAmes;6;1960;958;1;TA;151500
348;17600;NAmes;6;1960;1478;2;TA;157500
349;2448;NridgHt;7;2003;764;2;Gd;154000
350;20431;NridgHt;9;2005;1848;2;Ex;437154
351;7820;NridgHt;9;2007;1869;2;Ex;318061
352;5271;ClearCr;7;1986;1453;1;Gd;190000
353;9084;Edwards;5;1941;616;1;TA;95000
354;8520;OldTown;6;1928;624;1;TA;105900
355;8400;SWISU;6;1940;940;1;TA;140000
356;11249;CollgCr;6;1995;1200;2;Gd;177500
357;9248;Gilbert;6;1992;1158;2;Gd;173000
358;4224;MeadowV;5;1976;1142;1;TA;134000
359;6930;ClearCr;5;1958;1062;1;Gd;130000
360;12011;NoRidge;8;1998;1086;2;Gd;280000
361;7540;Mitchel;6;1978;888;1;TA;156000
362;9144;BrkSide;5;1940;883;1;TA;145000
363;7301;Edwards;7;2003;0;3;Gd;198500
364;1680;BrDale;6;1972;483;1;Gd;118000
365;18800;NWAmes;6;1976;796;2;TA;190000
366;10690;IDOTRR;5;1920;672;1;TA;147000
367;9500;NAmes;6;1963;1394;1;TA;159000
368;9150;NAmes;6;1962;1099;1;TA;165000
369;7800;NAmes;5;1954;1268;1;TA;132000
370;9830;NAmes;5;1959;1063;1;Gd;162000
371;8121;Gilbert;6;2000;953;2;TA;172400
372;17120;ClearCr;4;1959;0;2;TA;134432
373;7175;SawyerW;6;1984;744;1;TA;125000
374;10634;NAmes;5;1953;608;1;TA;123000
375;8200;CollgCr;7;2003;847;2;Gd;219500
376;10020;Edwards;1;1922;683;0;Fa;61000
377;8846;CollgCr;5;1996;870;1;TA;148000
378;11143;Somerst;8;2004;1580;3;Gd;340000
379;11394;StoneBr;9;2010;1856;1;Ex;394432
380;8123;Gilbert;6;2000;982;2;TA;179000
381;5000;SWISU;5;1924;1026;2;Gd;127000
382;7200;Somerst;7;2006;1293;2;Gd;187750
383;9245;CollgCr;7;2006;939;2;Gd;213500
384;9000;SawyerW;6;1928;784;1;TA;76000
385;53107;ClearCr;6;1992;1580;2;Gd;240000
386;3182;Blmngtn;8;2004;1256;2;Gd;192000
387;8410;Edwards;5;1910;658;1;TA;81000
388;7200;Edwards;6;1976;1041;1;TA;125000
389;9382;CollgCr;7;1999;1468;2;Gd;191000
390;12474;NridgHt;10;2007;1682;2;Ex;426000
391;8405;Edwards;5;1900;861;1;TA;119000
392;12209;Mitchel;6;2001;804;2;Gd;215000
393;8339;NAmes;5;1959;0;1;TA;106500
394;7446;BrkSide;4;1941;788;1;TA;100000
395;10134;OldTown;5;1940;735;1;TA;109000
396;9571;Edwards;5;1956;1144;1;TA;129000
397;7200;CollgCr;5;1972;894;1;TA;123000
398;7590;NAmes;5;1962;864;2;TA;169500
399;8967;IDOTRR;5;1920;961;1;TA;67000
400;8125;Somerst;7;2006;1092;2;Gd;241000
401;14963;Veenker;8;1996;1260;1;Ex;245500
402;8767;CollgCr;7;2005;1310;2;Gd;164990
403;10200;Sawyer;5;1940;672;1;TA;108000
404;12090;NoRidge;8;1998;1141;2;Gd;258000
405;10364;Gilbert;6;1995;806;2;TA;168000
406;9991;Sawyer;4;1976;1281;2;TA;150000
407;10480;SWISU;6;1936;1064;1;TA;115000
408;15576;Crawfor;6;1915;840;2;TA;177000
409;14154;NridgHt;7;2006;1063;2;Gd;280000
410;10800;Somerst;8;2007;1034;2;Ex;339750
411;9571;Edwards;5;1958;1276;1;TA;60000
412;34650;Gilbert;5;1955;1056;1;TA;145000
413;4403;Somerst;7;2009;1470;2;Gd;222000
414;8960;OldTown;5;1927;1008;1;TA;115000
415;11228;SawyerW;7;1993;1080;2;Gd;228000
416;8899;Gilbert;7;2007;1340;2;Gd;181134
417;7844;Sawyer;6;1978;672;1;TA;149500
418;22420;Crawfor;6;1918;1370;2;TA;239000
419;8160;Edwards;5;1940;756;1;TA;126000
420;8450;NAmes;5;1968;1056;1;TA;142000
421;7060;Mitchel;7;1997;1344;2;TA;206300
422;16635;NWAmes;6;1977;1602;2;Gd;215000
423;21750;Mitchel;5;1954;988;1;TA;113000
424;9200;NoRidge;8;1998;1470;2;Gd;315000
425;9000;NAmes;6;1956;1196;1;TA;139000
426;3378;OldTown;7;1946;651;1;TA;135000
427;12800;SawyerW;7;1989;1518;2;Gd;275000
428;8593;NAmes;4;1957;907;1;TA;109008
429;6762;CollgCr;7;2007;1208;2;Gd;195400
430;11457;Timber;6;1988;1392;2;Gd;175000
431;1680;BrDale;6;1971;483;1;TA;85400
432;5586;OldTown;6;1920;901;1;TA;79900
433;1920;BrDale;5;1971;765;1;TA;122500
434;10839;Gilbert;6;1997;926;2;TA;181000
435;1890;MeadowV;4;1972;630;1;TA;81000
436;10667;CollgCr;7;1996;799;2;Gd;212000
437;4400;OldTown;6;1920;648;1;TA;116000
438;6000;BrkSide;6;1926;884;1;TA;119000
439;4280;Crawfor;5;1913;440;1;Gd;90350
440;12354;Edwards;6;1920;684;1;Gd;110000
441;15431;NridgHt;10;2008;3094;2;Ex;555000
442;12108;Edwards;4;1955;1440;2;Fa;118000
443;6240;BrkSide;5;1930;1078;2;TA;162900
444;3922;Blmngtn;7;2006;1258;2;Gd;172500
445;8750;CollgCr;7;1994;915;2;Gd;210000
446;9855;Edwards;6;1956;1436;1;TA;127500
447;16492;NAmes;6;1966;1517;2;Gd;190000
448;11214;Gilbert;7;1998;930;2;Gd;199900
449;8600;IDOTRR;6;1937;780;2;TA;119500
450;6000;OldTown;3;1948;649;1;TA;120000
451;5684;OldTown;6;1930;813;1;Gd;110000
452;70761;ClearCr;7;1975;1533;2;Gd;280000
453;9303;Timber;6;1996;872;2;TA;204000
454;9000;Somerst;8;2008;768;2;Gd;210000
455;9297;Mitchel;5;1976;1728;2;TA;188000
456;9600;NWAmes;7;1973;1242;1;TA;175500
457;4571;OldTown;5;1916;624;1;TA;98000
458;53227;ClearCr;4;1954;1364;1;Gd;256000
459;5100;OldTown;8;1925;588;1;Gd;161000
460;7015;BrkSide;5;1950;709;1;Gd;110000
461;8004;Somerst;8;2009;832;2;TA;263435
462;7200;SWISU;7;1936;560;1;Gd;155000
463;8281;Sawyer;5;1965;864;1;TA;62383
464;11988;Crawfor;6;1934;715;1;TA;188700
465;8430;CollgCr;5;1978;1040;2;TA;124000
466;3072;Blmngtn;7;2004;1375;2;Gd;178740
467;10628;NAmes;7;1970;1277;1;TA;167000
468;9480;NAmes;5;1942;728;1;Gd;146500
469;11428;NridgHt;8;2006;1626;2;Gd;250000
470;9291;SawyerW;6;1993;832;2;Gd;187000
471;6820;StoneBr;8;1985;1488;1;Gd;212000
472;11952;NWAmes;7;1977;808;2;TA;190000
473;3675;Edwards;6;2005;547;1;TA;148000
474;14977;NridgHt;8;2006;1976;2;Gd;440000
475;5330;StoneBr;8;2000;1494;2;Ex;251000
476;8480;Sawyer;5;1963;970;1;TA;132500
477;13125;CollgCr;6;1997;1478;2;Gd;208900
478;13693;NridgHt;9;2006;2153;2;Ex;380000
479;10637;CollgCr;8;2007;1705;2;Gd;297000
480;5925;OldTown;4;1937;907;1;TA;89471
481;16033;NridgHt;9;2004;1833;2;Gd;326000
482;11846;NridgHt;9;2003;1792;2;Ex;374000
483;2500;OldTown;7;1915;910;1;Ex;155000
484;4500;Mitchel;6;1998;1216;2;TA;164000
485;7758;Sawyer;5;1962;999;1;Gd;132500
486;9600;NAmes;5;1950;1113;1;Gd;147000
487;10289;NAmes;5;1965;1073;1;TA;156000
488;12243;NWAmes;5;1971;1484;2;TA;175000
489;10800;OldTown;5;1900;954;2;TA;160000
490;1526;MeadowV;4;1970;630;1;Gd;86000
491;2665;MeadowV;5;1976;264;1;TA;115000
492;9490;NAmes;6;1941;806;1;Fa;133000
493;15578;Gilbert;6;2006;728;2;TA;172785
494;7931;NAmes;5;1960;1269;1;TA;155000
495;5784;OldTown;5;1938;190;1;TA;91300
496;7879;IDOTRR;4;1920;720;1;TA;34900
497;12692;NoRidge;8;1992;3200;3;Gd;430000
498;9120;BrkSide;7;1925;1026;2;TA;184000
499;7800;Sawyer;5;1967;864;1;Gd;130000
500;7535;NAmes;5;1958;912;1;TA;120000
501;1890;BrDale;6;1973;672;1;TA;113000
502;9803;Somerst;7;2005;866;2;Gd;226700
503;9170;Edwards;5;1965;1214;1;TA;140000
504;15602;Crawfor;7;1959;1501;2;TA;289000
505;2308;NPkVill;6;1974;855;2;TA;147000
506;7596;OldTown;5;1952;960;2;TA;124500
507;9554;SawyerW;8;1993;777;2;Gd;215000
508;7862;Somerst;6;2009;1218;2;Gd;208300
509;9600;OldTown;7;1928;689;2;Gd;161000
510;9600;NAmes;5;1959;1041;1;TA;124500
511;14559;NAmes;5;1951;1008;1;TA;164900
512;6792;NridgHt;7;2005;1368;2;Gd;202665
513;9100;NAmes;5;1958;864;1;TA;129900
514;9187;Mitchel;6;1983;1084;1;TA;134000
515;10594;Crawfor;5;1926;768;1;TA;96500
516;12220;NridgHt;10;2009;2006;2;Ex;402861
517;10448;NWAmes;6;1972;689;2;TA;158000
518;10208;NoRidge;7;1996;1264;2;Gd;265000
519;9531;CollgCr;6;1998;794;2;TA;211000
520;10918;Crawfor;7;1926;1276;1;Gd;234000
521;10800;OldTown;4;1900;0;2;TA;106250
522;11988;NAmes;6;1957;1244;1;TA;150000
523;5000;BrkSide;6;1947;1004;2;TA;159000
524;40094;Edwards;10;2007;3138;3;Ex;184750
525;11787;NoRidge;7;1996;1379;2;Gd;315750
526;7500;Somerst;7;2005;1257;2;Gd;176000
527;13300;NAmes;5;1956;928;1;TA;132000
528;14948;NridgHt;9;2008;1452;2;Ex;446261
529;9098;Edwards;4;1920;528;1;TA;86000
530;32668;Crawfor;6;1957;2035;3;TA;200624
531;10200;Timber;6;1988;1461;2;Gd;175000
532;6155;BrkSide;6;1920;611;2;TA;128000
533;7200;NAmes;5;1955;0;1;TA;107500
534;5000;BrkSide;1;1946;0;1;Fa;39300
535;9056;Gilbert;8;2004;707;2;Gd;178000
536;7000;Edwards;5;1910;1117;1;TA;107500
537;8924;CollgCr;7;1998;880;2;Gd;188000
538;12735;NAmes;4;1972;864;1;TA;111250
539;11553;Sawyer;5;1968;1051;1;TA;158000
540;11423;CollgCr;8;2001;1581;2;Gd;272000
541;14601;Timber;9;2006;1838;2;Ex;315000
542;11000;NoRidge;8;2000;969;2;Gd;248000
543;10140;NWAmes;7;1998;1650;2;Gd;213250
544;4058;NAmes;7;1998;723;1;TA;133000
545;17104;Gilbert;7;2006;654;2;Gd;179665
546;13837;NWAmes;7;1988;1204;2;Gd;229000
547;8737;BrkSide;6;1923;1065;1;TA;210000
548;7244;Mitchel;5;1970;768;1;TA;129500
549;8235;OldTown;5;1955;825;1;TA;125000
550;9375;Somerst;7;2003;912;2;Gd;263000
551;4043;NPkVill;6;1977;1069;2;TA;140000
552;6000;OldTown;5;1957;928;1;TA;112500
553;11146;NridgHt;8;2006;1709;2;Gd;255500
554;8777;Edwards;4;1949;0;2;Gd;108000
555;10625;NridgHt;7;2003;998;2;Gd;284000
556;6380;BrkSide;5;1922;993;1;TA;113000
557;14850;NAmes;5;1957;1092;1;TA;141000
558;11040;IDOTRR;4;1920;637;1;TA;108000
559;21872;Gilbert;7;1996;729;2;TA;175000
560;3196;Blmngtn;7;2003;1374;2;Gd;234000
561;11341;Sawyer;5;1957;1392;1;TA;121500
562;10010;Mitchel;5;1974;1389;1;TA;170000
563;13907;Edwards;5;1940;996;1;TA;108000
564;21780;Edwards;6;1918;1163;2;TA;185000
565;13346;NoRidge;7;1992;1095;2;Gd;268000
566;6858;SWISU;6;1915;806;1;Fa;128000
567;11198;StoneBr;9;2005;1122;2;Ex;325000
568;10171;NridgHt;7;2004;1517;2;Gd;214000
569;12327;SawyerW;8;1983;1496;1;Gd;316600
570;7032;NAmes;5;1979;943;1;TA;135960
571;13101;NAmes;5;1965;1728;2;TA;142600
572;7332;NAmes;6;1959;864;1;Gd;120000
573;13159;Timber;7;2009;846;2;Gd;224500
574;9967;Gilbert;7;2000;384;2;TA;170000
575;10500;NAmes;5;1971;372;1;TA;139000
576;8480;NAmes;5;1947;832;1;TA;118500
577;6292;SWISU;7;1928;861;2;TA;145000
578;11777;Sawyer;5;1966;1164;1;TA;164500
579;3604;Somerst;7;2007;689;2;Gd;146000
580;12150;OldTown;5;1954;1050;2;TA;131500
581;14585;NAmes;6;1960;1144;1;Gd;181900
582;12704;NridgHt;8;2008;2042;2;Ex;253293
583;11841;Edwards;6;1990;816;1;TA;118500
584;13500;OldTown;10;1893;1237;3;Gd;325000
585;6120;BrkSide;4;1935;884;1;Gd;133000
586;11443;Timber;8;2005;1868;2;Gd;369900
587;10267;BrkSide;6;1918;816;1;Fa;130000
588;8740;Sawyer;5;1982;840;1;TA;137000
589;25095;ClearCr;5;1968;1437;1;Ex;143000
590;9100;BrkSide;5;1930;742;1;TA;79500
591;8320;CollgCr;7;2004;770;2;Gd;185900
592;13478;NridgHt;10;2008;1722;2;Ex;451950
593;6600;Mitchel;5;1982;816;1;TA;138000
594;4435;CollgCr;6;2003;848;1;Gd;140000
595;7990;CollgCr;5;1975;924;1;TA;110000
596;11302;StoneBr;8;2005;1814;2;Gd;319000
597;3600;OldTown;6;1910;684;1;TA;114504
598;3922;Blmngtn;7;2006;1258;0;Gd;194201
599;12984;Crawfor;5;1977;1430;2;Gd;217500
600;1950;Blueste;6;1980;716;2;TA;151000
601;10927;NridgHt;8;2005;1058;2;Ex;275000
602;9000;IDOTRR;6;1937;780;1;Gd;141000
603;10041;SawyerW;8;1992;908;2;Gd;220000
604;3182;Somerst;7;2004;600;2;Gd;151000
605;12803;CollgCr;7;2002;1494;2;Gd;221000
606;13600;NAmes;7;1965;768;2;TA;205000
607;12464;CollgCr;5;1996;1040;1;Gd;152000
608;7800;Edwards;5;1948;896;3;Ex;225000
609;12168;Crawfor;8;1934;965;2;TA;359100
610;7943;Sawyer;4;1961;1029;1;TA;118500
611;11050;CollgCr;9;2000;1440;2;Ex;313000
612;10395;NWAmes;6;1978;1032;2;TA;148000
613;11885;CollgCr;8;2001;1299;2;Ex;261500
614;8402;Mitchel;5;2007;1120;1;TA;147000
615;1491;MeadowV;4;1972;630;1;TA;75500
616;8800;NAmes;6;1963;936;1;Gd;137500
617;7861;Gilbert;6;2002;783;2;Gd;183200
618;7227;NAmes;6;1954;832;1;Gd;105500
619;11694;NridgHt;9;2007;1822;2;Gd;314813
620;12244;Timber;8;2003;1482;2;Gd;305000
621;8248;Edwards;3;1914;864;1;TA;67000
622;10800;NWAmes;6;1974;1522;2;TA;240000
623;7064;Sawyer;5;1977;980;1;TA;135000
624;2117;Somerst;6;2000;756;2;Gd;168500
625;10400;NWAmes;6;1972;732;1;TA;165150
626;10000;NAmes;6;1962;1116;1;TA;160000
627;12342;NAmes;5;1960;978;1;TA;139900
628;9600;NAmes;6;1955;1156;1;TA;153000
629;11606;NAmes;5;1969;1040;1;Fa;135000
630;9020;NAmes;6;1964;1248;1;TA;168500
631;9000;OldTown;5;1880;636;1;Ex;124000
632;4590;NridgHt;8;2006;1554;2;Gd;209500
633;11900;NWAmes;7;1977;1386;2;TA;82500
634;9250;NAmes;5;1954;1056;1;TA;139400
635;6979;OldTown;6;1980;1056;0;TA;144000
636;10896;SWISU;6;1914;1440;2;Fa;200000
637;6120;BrkSide;2;1936;264;1;Fa;60000
638;6000;OldTown;5;1954;811;2;Gd;93000
639;8777;Edwards;5;1910;796;1;TA;85000
640;3982;Blmngtn;8;2006;1520;2;Ex;264561
641;12677;NridgHt;8;2003;1518;1;Ex;274000
642;7050;Somerst;7;2001;1057;2;Gd;226000
643;13860;NAmes;8;1972;1952;2;Ex;345000
644;10793;NWAmes;5;1969;780;2;TA;152000
645;9187;Somerst;9;2009;1766;2;Ex;370878
646;10530;NAmes;6;1971;981;1;TA;143250
647;7200;NAmes;5;1950;0;1;TA;98300
648;10452;Edwards;6;1953;1094;1;TA;155000
649;7700;NAmes;6;1966;756;1;TA;155000
650;1936;MeadowV;4;1970;630;1;TA;84500
651;8125;Somerst;7;2007;813;2;Gd;205950
652;9084;Edwards;4;1940;755;1;TA;108000
653;8750;CollgCr;7;1996;880;2;Gd;191000
654;10320;IDOTRR;6;1906;756;1;TA;135000
655;10437;NoRidge;8;1995;2109;2;Gd;350000
656;1680;BrDale;6;1971;525;1;TA;88000
657;10007;NAmes;5;1959;1053;1;Gd;145500
658;7200;Crawfor;7;1931;776;1;TA;149000
659;17503;NAmes;6;1948;912;1;TA;97500
660;9937;Edwards;5;1964;1486;1;TA;167000
661;12384;NWAmes;7;1976;793;2;TA;197900
662;46589;NoRidge;8;1994;1629;2;Gd;402000
663;13560;NAmes;6;1968;1392;1;TA;110000
664;10012;Edwards;4;1972;1138;2;TA;137500
665;20896;Somerst;8;2005;2077;1;Ex;423000
666;11194;Gilbert;8;2000;1406;2;Gd;230500
667;18450;NAmes;6;1965;1021;2;TA;129000
668;8125;SawyerW;6;1994;1408;2;Gd;193500
669;14175;Sawyer;5;1956;1188;1;TA;168000
670;11600;Crawfor;4;1922;700;1;Fa;137500
671;8633;CollgCr;6;2005;738;2;Gd;173500
672;6629;Edwards;6;1925;672;2;TA;103600
673;11250;Veenker;6;1977;1208;1;TA;165000
674;14442;Crawfor;6;1957;1477;2;Gd;257500
675;9200;NAmes;6;1965;1136;1;TA;140000
676;2289;NPkVill;6;1978;855;2;TA;148500
677;9600;OldTown;4;1900;1095;2;TA;87000
678;9022;OldTown;5;1924;768;1;Gd;109500
679;11844;StoneBr;8;2008;2046;2;Gd;372500
680;9945;Sawyer;5;1961;988;1;TA;128500
681;8012;SawyerW;6;1980;923;2;TA;143000
682;4500;SWISU;5;1932;793;1;TA;159434
683;2887;ClearCr;6;1996;1291;1;Gd;173000
684;11248;CollgCr;9;2002;1626;2;Gd;285000
685;16770;NoRidge;7;1998;1195;2;TA;221000
686;5062;StoneBr;7;1984;1190;2;Gd;207500
687;10207;Somerst;7;2007;874;3;Gd;227875
688;5105;Somerst;7;2004;551;2;Gd;148800
689;8089;StoneBr;8;2007;1419;2;Gd;392000
690;7577;NridgHt;6;2005;1362;2;Gd;194700
691;4426;CollgCr;6;2004;848;1;Gd;141000
692;21535;NoRidge;10;1994;2444;3;Ex;755000
693;26178;Timber;7;1989;1210;2;Gd;335000
694;5400;OldTown;5;1921;1073;1;TA;108480
695;6120;BrkSide;5;1936;927;1;TA;141500
696;13811;Timber;6;1987;1112;2;Gd;176000
697;6000;BrkSide;5;1921;616;1;TA;89000
698;6420;Edwards;5;1952;980;1;TA;123500
699;8450;Sawyer;5;1965;894;1;TA;138500
700;4282;Somerst;7;2004;1391;2;Gd;196000
701;14331;Timber;8;2002;1800;2;Gd;312500
702;9600;NWAmes;7;1969;1164;1;TA;140000
703;12438;StoneBr;8;2006;1234;2;Ex;361919
704;7630;OldTown;5;1900;360;2;Gd;140000
705;8400;CollgCr;7;2004;1473;2;Gd;213000
706;5600;IDOTRR;4;1930;0;2;Fa;55000
707;115149;ClearCr;7;1971;1643;2;Gd;302000
708;6240;NridgHt;8;2006;1324;2;Gd;254000
709;9018;Gilbert;7;2007;728;2;Gd;179540
710;7162;Sawyer;5;1966;876;1;TA;109900
711;4130;BrkSide;3;1935;270;1;TA;52000
712;8712;IDOTRR;4;1900;859;1;TA;102776
713;4671;StoneBr;8;1988;1228;2;Gd;189000
714;9873;BrkSide;4;1970;960;1;TA;129000
715;13517;Sawyer;6;1976;725;2;Gd;130500
716;10140;NWAmes;6;1974;1064;2;TA;165000
717;10800;OldTown;7;1890;718;1;TA;159500
718;10000;NWAmes;5;1973;1176;1;Gd;157000
719;10542;NoRidge;7;1993;1311;2;Gd;341000
720;9920;CollgCr;5;1969;971;1;TA;128500
721;6563;StoneBr;8;1985;1742;2;Gd;275000
722;4426;CollgCr;6;2004;848;1;Gd;143000
723;8120;NAmes;4;1970;864;1;TA;124500
724;8172;Edwards;4;1954;941;2;TA;135000
725;13286;Edwards;9;2007;1698;2;Ex;320000
726;6960;NAmes;4;1970;864;1;Gd;120500
727;21695;Crawfor;6;1988;880;2;Gd;222000
728;7314;CollgCr;7;2007;1232;2;Gd;194500
729;11475;NAmes;5;1958;1584;2;TA;110000
730;6240;IDOTRR;4;1925;780;1;TA;103000
731;5389;StoneBr;8;1995;1595;2;Gd;236500
732;9590;Timber;7;2003;868;2;Gd;187500
733;11404;CollgCr;7;1998;1153;2;Gd;222500
734;10000;Sawyer;5;1961;864;1;TA;131400
735;8978;Sawyer;5;1968;948;1;TA;108000
736;10800;OldTown;7;1914;880;1;TA;163000
737;8544;NAmes;3;1950;0;2;TA;93500
738;10463;Gilbert;8;2005;893;2;Gd;239900
739;10800;Edwards;5;1987;1200;3;TA;179000
740;9313;CollgCr;7;2004;864;2;Gd;190000
741;9600;OldTown;5;1910;264;2;TA;132000
742;6768;Sawyer;6;1961;912;1;Gd;142000
743;8450;SawyerW;7;2000;1349;2;TA;179000
744;12886;Sawyer;5;1963;520;2;TA;175000
745;5395;StoneBr;8;1993;1337;2;Gd;180000
746;8963;NWAmes;8;1976;1142;3;Gd;299800
747;8795;Gilbert;7;2000;952;2;Gd;236000
748;11700;OldTown;7;1880;1240;1;Gd;265979
749;10593;NoRidge;7;1996;1720;2;Gd;260400
750;8405;Edwards;4;1945;0;2;TA;98000
751;8800;OldTown;4;1910;576;1;TA;96500
752;7750;Gilbert;7;2003;660;2;Gd;162000
753;9236;CollgCr;6;1997;1479;2;Gd;217000
754;10240;NridgHt;8;2005;1030;2;Ex;275500
755;7930;NAmes;6;1969;1026;1;Gd;156000
756;3230;Somerst;6;1999;729;2;TA;172500
757;10769;CollgCr;8;2007;866;2;Gd;212000
758;11616;Sawyer;6;1978;672;2;TA;158900
759;2280;Somerst;7;1999;744;2;TA;179400
760;12257;NoRidge;8;1995;1318;2;Gd;290000
761;9100;NAmes;6;1959;864;1;TA;127500
762;6911;BrkSide;5;1924;1145;1;Fa;100000
763;8640;Somerst;7;2009;756;2;Gd;215200
764;9430;NoRidge;8;1999;1252;2;Gd;337000
765;9549;Veenker;8;1995;1494;1;Ex;270000
766;14587;Somerst;9;2008;1498;2;Ex;264132
767;10421;NWAmes;7;1988;980;2;TA;196500
768;12508;Mitchel;6;1940;983;2;TA;160000
769;9100;CollgCr;7;2004;1860;2;Gd;216837
770;53504;StoneBr;8;2003;1650;3;Ex;538000
771;7252;Sawyer;5;1982;858;1;TA;134900
772;8877;Edwards;4;1951;836;1;TA;102000
773;7819;Edwards;6;1976;1029;1;TA;107000
774;10150;NAmes;5;1958;912;1;TA;114500
775;14226;NridgHt;8;2006;1935;2;Gd;395000
776;4500;Mitchel;6;1998;1204;2;TA;162000
777;11210;CollgCr;7;2005;1614;2;Gd;221500
778;13350;Sawyer;5;1974;864;1;TA;142500
779;8400;SawyerW;5;1977;0;2;TA;144000
780;10530;Mitchel;6;1977;975;1;TA;135000
781;7875;Gilbert;7;1995;1237;2;TA;176000
782;7153;SawyerW;6;1992;761;2;Gd;175900
783;16285;CollgCr;7;2001;1413;2;Gd;187100
784;9101;Mitchel;5;1978;1097;1;Gd;165500
785;6300;OldTown;6;1914;742;2;TA;128000
786;9790;NWAmes;6;1967;1372;2;TA;161500
787;10800;OldTown;5;1915;686;2;TA;139000
788;10142;SawyerW;7;2004;956;2;Gd;233000
789;6000;OldTown;4;1954;901;1;TA;107900
790;12205;ClearCr;6;1966;832;2;Gd;187500
791;3182;Blmngtn;7;2005;1145;2;Gd;160200
792;11333;Mitchel;6;1976;1029;1;TA;146800
793;9920;NoRidge;7;1996;1117;2;TA;269790
794;9158;Somerst;8;2007;1496;2;Gd;225000
795;10832;Gilbert;7;1994;712;2;Gd;194500
796;8400;SawyerW;6;1980;650;2;TA;171000
797;8197;Sawyer;6;1977;660;1;TA;143500
798;7677;NAmes;5;1953;773;1;TA;110000
799;13518;NridgHt;9;2008;1926;3;Ex;485000
800;7200;SWISU;5;1937;731;1;Gd;175000
801;12798;ClearCr;6;1997;616;2;Gd;200000
802;4800;IDOTRR;4;1916;1196;1;TA;109900
803;8199;CollgCr;7;2005;728;2;Gd;189000
804;13891;NridgHt;9;2008;1734;3;Ex;582933
805;9000;NAmes;5;1954;936;1;TA;118000
806;12274;Somerst;7;2008;1417;2;Ex;227680
807;9750;NAmes;5;1967;980;2;TA;135500
808;21384;BrkSide;5;1923;1324;1;Gd;223500
809;13400;NAmes;5;1966;1024;1;TA;159950
810;8100;OldTown;5;1898;849;2;TA;106000
811;10140;NWAmes;6;1974;1040;1;Gd;181000
812;4438;CollgCr;6;2004;848;1;Gd;144500
813;8712;IDOTRR;5;1952;540;1;Fa;55993
814;9750;NAmes;6;1958;1442;1;TA;157900
815;8248;Edwards;5;1918;686;1;Fa;116000
816;12137;CollgCr;7;1998;1649;2;Gd;224900
817;11425;NAmes;5;1954;1008;1;TA;137000
818;13265;Mitchel;8;2002;1568;2;Gd;271000
819;8816;ClearCr;6;1971;1010;1;TA;155000
820;6371;NridgHt;7;2009;1358;2;Gd;224000
821;7226;CollgCr;7;2003;798;2;Gd;183000
822;6000;OldTown;4;1953;936;1;TA;93000
823;12394;Gilbert;7;2003;847;2;Gd;225000
824;9900;SWISU;6;1940;778;2;TA;139500
825;11216;Somerst;8;2006;1489;2;Gd;232600
826;14803;NridgHt;10;2007;2078;2;Ex;385000
827;6130;BrkSide;5;1924;784;1;Gd;109500
828;8529;SawyerW;7;2001;1454;2;Gd;189000
829;28698;ClearCr;5;1967;1013;2;TA;185000
830;2544;Somerst;7;2005;600;2;Gd;147400
831;11900;NAmes;6;1957;1392;1;TA;166000
832;3180;Somerst;7;2005;600;2;Gd;151000
833;9548;CollgCr;7;2003;941;2;Gd;237000
834;10004;NAmes;6;1964;1516;1;TA;167000
835;7875;NAmes;5;1961;1144;1;TA;139950
836;9600;Sawyer;4;1950;1067;2;Gd;128000
837;8100;OldTown;5;1948;1559;1;TA;153500
838;1680;BrDale;6;1973;483;1;TA;100000
839;9525;CollgCr;5;1995;1099;1;Gd;144000
840;11767;Edwards;5;1946;768;1;TA;130500
841;12155;SWISU;6;1925;672;2;Fa;140000
842;10440;OldTown;5;1904;650;2;Gd;157500
843;9020;NAmes;6;1966;1127;1;TA;174900
844;8000;NAmes;5;1961;1800;2;TA;141000
845;12665;OldTown;5;1915;876;1;TA;153900
846;16647;Sawyer;5;1975;1390;2;TA;171000
847;9317;SawyerW;7;1993;740;2;Gd;213000
848;15523;CollgCr;5;1972;864;1;TA;133500
849;45600;ClearCr;6;1908;907;3;TA;240000
850;9600;Veenker;6;1976;528;2;TA;187000
851;4435;CollgCr;6;2003;848;1;Gd;131500
852;3196;Blmngtn;8;2003;1273;2;Gd;215000
853;7128;Crawfor;7;1941;918;2;TA;164000
854;12095;NAmes;6;1964;1127;1;TA;158000
855;17920;Sawyer;5;1955;1763;1;TA;170000
856;6897;Sawyer;5;1962;1040;1;TA;127000
857;10970;CollgCr;6;1978;940;1;TA;147000
858;8125;Gilbert;6;1994;702;2;TA;174000
859;10400;NWAmes;7;1976;1090;2;TA;152000
860;11029;NWAmes;6;1968;1054;2;Gd;250000
861;7642;Crawfor;7;1918;912;1;Gd;189950
862;11625;Sawyer;5;1965;1039;1;TA;131500
863;9672;SawyerW;6;1984;1040;2;TA;152000
864;7931;NAmes;5;1959;1148;1;TA;132500
865;8640;Somerst;7;2007;1372;2;Gd;250580
866;8750;NAmes;5;1970;1002;1;TA;148500
867;10656;Timber;8;2006;1638;2;Gd;248900
868;6970;Sawyer;4;1961;1040;1;Fa;129000
869;14762;Gilbert;5;1948;0;2;TA;169000
870;9938;SawyerW;7;1993;1050;2;Gd;236000
871;6600;NAmes;5;1962;894;1;TA;109500
872;8750;CollgCr;6;1998;804;2;Gd;200500
873;8892;NAmes;5;1953;105;1;Gd;116000
874;12144;NAmes;5;1949;832;1;TA;133000
875;5720;OldTown;5;1941;676;1;TA;66500
876;9000;Somerst;8;2007;1184;2;Ex;303477
877;25286;Mitchel;4;1963;1064;1;TA;132250
878;8834;NridgHt;9;2004;1462;2;Ex;350000
879;11782;Sawyer;5;1961;1109;1;Gd;148000
880;7000;CollgCr;5;1978;864;1;TA;136500
881;7024;Edwards;5;2005;1090;1;TA;157000
882;13758;Timber;7;1990;1156;2;Gd;187500
883;9636;Gilbert;6;1992;808;2;TA;178000
884;6204;SWISU;4;1912;795;1;TA;118500
885;7150;NAmes;5;1967;892;1;TA;100000
886;5119;Somerst;9;1999;1698;2;Gd;328900
887;8393;NAmes;5;1959;1626;2;TA;145000
888;16466;Edwards;5;1955;816;1;TA;135500
889;15865;NAmes;8;1970;2217;2;Gd;268000
890;12160;NAmes;6;1953;1505;1;TA;149500
891;8064;NAmes;5;1949;672;1;TA;122900
892;11184;Sawyer;6;1978;918;2;TA;172500
893;8414;Sawyer;6;1963;1059;1;TA;154500
894;13284;Sawyer;5;1954;1383;1;TA;165000
895;7018;SawyerW;5;1979;0;2;TA;118858
896;7056;NAmes;6;1963;780;1;TA;140000
897;8765;IDOTRR;4;1936;951;1;TA;106500
898;7018;SawyerW;5;1979;0;2;TA;142953
899;12919;NridgHt;9;2009;2330;2;Ex;611657
900;6993;Sawyer;5;1961;912;1;TA;135000
901;7340;NAmes;4;1971;858;1;TA;110000
902;8712;NAmes;5;1957;992;1;TA;153000
903;7875;Gilbert;7;2003;783;2;Gd;180000
904;14859;Gilbert;7;2006;1670;2;Gd;240000
905;6173;Sawyer;5;1967;876;1;TA;125500
906;9920;NAmes;5;1954;1056;1;TA;128000
907;13501;Somerst;8;2006;1623;2;Gd;255000
908;11500;Crawfor;7;1936;1017;1;Gd;250000
909;8885;Mitchel;5;1983;864;1;TA;131000
910;12589;Gilbert;6;2005;742;2;Gd;174000
911;11600;NAmes;5;1960;1105;2;TA;154300
912;9286;CollgCr;5;1977;1268;1;Gd;143500
913;6120;BrkSide;5;1925;768;1;TA;88000
914;6270;Crawfor;5;1949;1001;2;TA;145000
915;3000;Somerst;6;2009;612;2;Gd;173733
916;2001;MeadowV;4;1970;546;1;TA;75000
917;9000;IDOTRR;2;1949;480;0;TA;35311
918;17140;Edwards;4;1956;1134;1;TA;135000
919;13125;SawyerW;7;1991;1104;2;Gd;238000
920;11029;NAmes;6;1958;1184;1;TA;176500
921;8462;SawyerW;6;1994;928;2;Gd;201000
922;8777;Edwards;5;1900;1272;2;TA;145900
923;10237;Gilbert;6;2005;1316;2;Gd;169990
924;8012;SawyerW;6;1993;1604;2;Gd;193000
925;10240;NWAmes;6;1980;1686;2;TA;207500
926;15611;NWAmes;5;1977;1126;2;Ex;175000
927;11999;NridgHt;8;2003;1181;2;Ex;285000
928;9900;NWAmes;7;1968;832;2;TA;176000
929;11838;CollgCr;8;2001;1753;2;Ex;236500
930;13006;Gilbert;7;1997;964;2;Gd;222000
931;8925;Timber;8;2007;1466;2;Gd;201000
932;9100;NAmes;5;1965;925;1;TA;117500
933;11670;Somerst;9;2006;1905;2;Ex;320000
934;8487;CollgCr;7;2004;1500;2;Gd;190000
935;27650;NAmes;7;1960;585;2;Gd;242000
936;5825;BrkSide;4;1926;600;1;TA;79900
937;10083;SawyerW;7;2003;1176;2;Gd;184900
938;9675;Somerst;7;2005;1113;2;Gd;253000
939;8760;CollgCr;7;2006;1391;2;Gd;239799
940;24090;ClearCr;7;1940;1032;2;TA;244400
941;12640;Mitchel;6;1976;1728;2;TA;150900
942;8755;Gilbert;7;1999;992;2;Gd;214000
943;7711;Edwards;4;1977;1440;2;TA;150000
944;25000;Mitchel;5;1967;1632;2;TA;143000
945;14375;Timber;6;1958;819;1;Gd;137500
946;8820;OldTown;5;1890;1088;1;TA;124900
947;8163;NAmes;5;1959;1144;1;TA;143000
948;14536;Timber;8;2002;1616;2;Gd;270000
949;14006;CollgCr;7;2002;936;2;Gd;192500
950;9360;NWAmes;6;1972;1161;1;Gd;197500
951;7200;NAmes;5;1950;864;1;Gd;129000
952;7800;SawyerW;5;1965;828;1;TA;119900
953;7200;CollgCr;5;1972;768;1;TA;133900
954;11075;Mitchel;5;1969;784;2;TA;172000
955;9400;Edwards;6;1975;945;2;TA;127500
956;7136;Crawfor;6;1946;979;2;TA;145000
957;1300;Blueste;6;1980;561;1;TA;124000
958;7420;Sawyer;5;1962;1057;1;TA;132000
959;8450;CollgCr;7;2003;1337;2;Gd;185000
960;2572;Somerst;7;1999;696;2;Gd;155000
961;7207;BrkSide;5;1958;858;1;TA;116500
962;12227;NWAmes;6;1977;1330;2;TA;272000
963;2308;NPkVill;6;1976;804;2;Gd;155000
964;11923;CollgCr;9;2007;1800;2;Ex;239000
965;11316;Timber;7;2002;817;2;Gd;214900
966;10237;Gilbert;6;2005;783;2;Gd;178900
967;9600;Crawfor;5;1940;728;1;TA;160000
968;7390;NAmes;5;1955;1098;1;TA;135000
969;5925;OldTown;3;1910;600;1;TA;37900
970;10382;NAmes;6;1958;588;1;TA;140000
971;10800;NAmes;4;1949;720;1;TA;135000
972;2268;NridgHt;7;2003;764;2;Gd;173000
973;7892;SawyerW;6;1979;918;2;TA;99500
974;11639;Somerst;7;2007;1428;2;Gd;182000
975;11414;BrkSide;7;1910;728;1;Gd;167500
976;2651;Somerst;7;2000;673;2;Gd;165000
977;5900;BrkSide;4;1923;440;1;Fa;85500
978;4274;Somerst;7;2006;1241;1;Gd;199900
979;9450;Edwards;4;1954;894;1;TA;110000
980;8816;Sawyer;5;1963;1121;1;TA;139000
981;12122;NAmes;7;1961;944;1;Ex;178400
982;12203;NoRidge;8;1998;1225;2;Gd;336000
983;3182;Blmngtn;7;2007;1266;2;Gd;159895
984;11250;CollgCr;8;2002;1128;2;Gd;255900
985;10125;Mitchel;5;1977;0;2;Gd;126000
986;10880;Edwards;5;1950;1164;1;TA;125000
987;5310;OldTown;6;1910;485;1;Gd;117000
988;10159;NridgHt;9;2009;1930;2;Ex;395192
989;12046;NWAmes;6;1976;848;2;Gd;195000
990;8125;Somerst;7;2006;770;2;Gd;197000
991;9452;NoRidge;8;1997;1396;2;Gd;348000
992;17671;OldTown;8;1882;916;1;Gd;168000
993;9760;NAmes;6;1964;822;2;Gd;187000
994;8846;CollgCr;6;2005;750;2;Gd;173900
995;12456;NridgHt;10;2006;1700;2;Ex;337500
996;4712;BrkSide;4;1946;747;1;TA;121600
997;10659;NAmes;5;1961;1050;1;TA;136500
998;11717;NWAmes;6;1970;1442;2;TA;185000
999;9786;IDOTRR;3;1922;1007;1;TA;91000
1000;6762;CollgCr;7;2006;1187;2;Gd;206000
1001;10206;Edwards;3;1952;0;1;Fa;82000
1002;5400;OldTown;5;1920;691;1;Ex;86000
1003;11957;Somerst;8;2006;1574;2;Gd;232000
1004;11500;NWAmes;5;1976;1680;2;TA;136905
1005;3182;Blmngtn;7;2005;1346;2;Gd;181000
1006;8385;CollgCr;5;1977;985;2;TA;149900
1007;12155;NAmes;6;1970;1657;2;TA;163500
1008;2217;MeadowV;4;1970;546;1;TA;88000
1009;12118;Mitchel;7;2004;1710;2;Gd;240000
1010;6000;SWISU;5;1926;1008;2;TA;102000
1011;21286;Sawyer;5;1948;720;2;TA;135000
1012;9825;Edwards;5;1965;0;2;TA;100000
1013;10592;Crawfor;6;1923;602;1;Gd;165000
1014;7200;OldTown;5;1910;1022;1;TA;85000
1015;11664;NAmes;6;1948;1082;1;TA;119200
1016;8400;NWAmes;8;2001;810;2;Gd;227000
1017;11883;CollgCr;7;1996;1504;2;Gd;203000
1018;5814;StoneBr;8;1984;1220;1;Gd;187500
1019;10784;Gilbert;7;1991;384;2;Gd;160000
1020;3013;Blmngtn;7;2005;1362;2;Gd;213490
1021;7024;Edwards;4;2005;1132;1;Gd;176000
1022;7406;CollgCr;7;2006;1199;2;Gd;194000
1023;9439;OldTown;5;1930;912;1;TA;87000
1024;3182;Blmngtn;7;2005;1346;2;Gd;191000
1025;15498;Timber;8;1976;1565;2;Gd;287000
1026;7700;CollgCr;5;1972;882;1;TA;112500
1027;9300;NAmes;5;1960;1268;1;TA;167500
1028;9520;Timber;8;2007;1638;2;Gd;293077
1029;9492;NAmes;5;1941;768;1;TA;105000
1030;1680;BrDale;6;1972;672;1;TA;118000
1031;7082;SWISU;5;1916;686;2;TA;160000
1032;15863;SWISU;7;1920;824;2;TA;197000
1033;14541;NoRidge;8;1993;1338;2;Gd;310000
1034;8125;CollgCr;7;2002;1654;2;Gd;230000
1035;6305;Crawfor;5;1938;920;1;Fa;119750
1036;11500;Edwards;4;1957;0;1;TA;84000
1037;12898;Timber;9;2007;1620;2;Ex;315500
1038;9240;CollgCr;8;2001;1055;2;Gd;287000
1039;1533;MeadowV;4;1970;546;1;TA;97000
1040;1477;MeadowV;4;1970;630;1;TA;80000
1041;13125;Sawyer;5;1957;1134;2;TA;155000
1042;9130;NWAmes;6;1966;800;1;Gd;173000
1043;5381;NridgHt;6;2005;1306;2;Gd;196000
1044;11839;SawyerW;7;1990;1475;2;Gd;262280
1045;9600;NWAmes;8;1981;2524;2;Gd;278000
1046;13680;Edwards;3;1955;0;2;TA;139600
1047;16056;StoneBr;9;2005;1992;3;Ex;556581
1048;9245;CollgCr;5;1994;990;1;TA;145000
1049;21750;Mitchel;5;1960;0;1;TA;115000
1050;11100;Edwards;4;1946;0;1;Gd;84900
1051;8993;Gilbert;7;2007;1302;2;Gd;176485
1052;11175;CollgCr;7;2007;1316;2;Gd;200141
1053;9500;NAmes;6;1964;816;1;TA;165000
1054;8562;Edwards;5;1957;1216;1;TA;144500
1055;11367;CollgCr;8;2002;1065;2;Gd;255000
1056;11361;NWAmes;6;1976;1193;2;TA;180000
1057;7052;NridgHt;7;2005;1364;2;Gd;185850
1058;29959;NoRidge;7;1994;973;2;Gd;248000
1059;11308;NridgHt;9;2008;1104;2;Ex;335000
1060;11275;Crawfor;6;1932;854;1;TA;220000
1061;4920;StoneBr;8;2001;1338;2;Gd;213500
1062;18000;IDOTRR;3;1935;894;1;TA;81000
1063;13600;OldTown;5;1900;662;2;TA;90000
1064;6000;OldTown;6;1925;1103;1;Gd;110500
1065;11000;NAmes;5;1966;1154;1;TA;154000
1066;14000;ClearCr;7;1996;1306;2;Gd;328000
1067;7837;Gilbert;6;1993;799;2;TA;178000
1068;9760;NAmes;6;1964;780;1;TA;167900
1069;3964;MeadowV;6;1973;942;2;TA;151400
1070;9600;NAmes;5;1949;845;1;Gd;135000
1071;10152;NAmes;5;1956;1048;1;TA;135000
1072;11700;NWAmes;6;1968;727;1;TA;154000
1073;7585;Edwards;5;1948;810;1;TA;91500
1074;7950;Edwards;6;1977;690;1;TA;159500
1075;8556;CollgCr;7;2006;1240;2;Gd;194000
1076;13125;Crawfor;7;1940;800;1;TA;219500
1077;10800;OldTown;5;1936;796;2;Gd;170000
1078;15870;NAmes;5;1969;1096;1;TA;138800
1079;4435;CollgCr;6;2004;848;1;Gd;155900
1080;8775;CollgCr;5;1994;990;1;TA;126000
1081;11040;NWAmes;6;1971;1258;2;Gd;145000
1082;7500;Sawyer;5;1963;1040;1;TA;133000
1083;8749;CollgCr;7;2002;1459;2;Gd;192000
1084;8800;NAmes;6;1964;1251;1;TA;160000
1085;13031;Gilbert;6;1995;691;2;TA;187500
1086;9069;SawyerW;6;1992;936;1;Gd;147000
1087;1974;MeadowV;4;1973;546;1;TA;83500
1088;10574;Somerst;8;2005;1082;2;Gd;252000
1089;2522;Edwards;7;2004;970;2;Gd;137500
1090;3316;Somerst;8;2005;1247;1;Gd;197000
1091;8544;NAmes;3;1950;0;2;TA;92900
1092;2160;Somerst;7;1999;600;2;Gd;160000
1093;8400;SWISU;6;1925;1181;2;TA;136500
1094;9230;NAmes;5;1965;864;1;Gd;146000
1095;5868;NAmes;5;1956;936;1;TA;129000
1096;9317;CollgCr;6;2006;1314;2;Gd;176432
1097;6882;IDOTRR;6;1914;684;1;Gd;127000
1098;3696;StoneBr;8;1986;1074;1;Gd;170000
1099;6000;BrkSide;4;1936;672;1;TA;128000
1100;11880;NWAmes;7;1978;1271;2;TA;157000
1101;8400;SWISU;2;1920;290;1;Fa;60000
1102;9758;NAmes;5;1971;950;1;TA;119500
1103;7000;NAmes;5;1960;1010;1;TA;135000
1104;8910;NAmes;6;1959;655;1;TA;159500
1105;2016;BrDale;5;1970;630;2;TA;106000
1106;12256;NoRidge;8;1994;1463;2;Gd;325000
1107;10357;SawyerW;7;1990;910;2;Gd;179900
1108;23257;Gilbert;7;2006;868;2;Gd;274725
1109;8063;Gilbert;6;2000;924;2;TA;181000
1110;11362;NridgHt;8;2004;1836;2;Gd;280000
1111;8000;Gilbert;6;1995;773;2;TA;188000
1112;10480;NWAmes;7;1976;803;2;TA;205000
1113;7100;NAmes;5;1957;816;1;TA;129900
1114;8923;NAmes;5;1953;1008;1;Gd;134500
1115;5400;OldTown;5;1954;833;1;Gd;117000
1116;12085;NridgHt;8;2007;1734;2;Ex;318000
1117;7750;Gilbert;8;2002;408;2;Gd;184100
1118;9764;Sawyer;5;1967;894;1;Gd;130000
1119;13825;Sawyer;5;1958;533;1;TA;140000
1120;7560;NAmes;5;1959;1040;1;TA;133700
1121;8263;IDOTRR;6;1920;1012;1;TA;118400
1122;10084;CollgCr;7;2005;1552;2;Gd;212900
1123;8926;Edwards;4;1956;672;1;TA;112000
1124;9405;Edwards;5;1947;698;1;TA;118000
1125;9125;Gilbert;7;1992;384;2;Gd;163900
1126;10434;NAmes;4;1955;1005;1;Fa;115000
1127;3684;Blmngtn;7;2007;1373;2;Gd;174000
1128;14572;Gilbert;7;2004;1530;2;Gd;259000
1129;11796;Gilbert;7;2004;847;2;Gd;215000
1130;7200;OldTown;5;1980;936;1;TA;140000
1131;7804;SWISU;4;1928;1122;2;Gd;135000
1132;10712;Mitchel;5;1991;974;1;TA;93500
1133;9900;OldTown;6;1880;1008;2;Fa;117500
1134;9828;SawyerW;8;1995;1128;2;Gd;239500
1135;8773;Gilbert;6;1997;916;2;TA;169000
1136;6180;BrkSide;6;1926;960;1;TA;102000
1137;9600;NAmes;6;1950;1032;1;TA;119000
1138;6342;Sawyer;5;1875;780;1;TA;94000
1139;9819;Mitchel;6;1977;1567;2;Gd;196000
1140;8731;BrkSide;5;1920;915;1;TA;144000
1141;7350;NAmes;5;1951;952;1;TA;139000
1142;10304;NWAmes;5;1976;780;2;Gd;197500
1143;9965;CollgCr;8;2006;1466;3;Gd;424870
1144;9000;Sawyer;5;1959;1006;1;TA;80000
1145;12180;Edwards;4;1941;672;1;Fa;80000
1146;6240;BrkSide;5;1928;1042;1;TA;149000
1147;11200;SawyerW;6;1985;1298;2;Gd;180000
1148;12000;Crawfor;7;1941;704;1;Fa;174500
1149;5700;OldTown;7;1926;572;1;TA;116900
1150;9000;OldTown;7;1920;650;1;TA;143000
1151;8280;NAmes;6;1950;932;1;Gd;124000
1152;17755;Edwards;5;1959;1466;1;Fa;149900
1153;14115;Crawfor;6;1956;1073;1;Ex;230000
1154;5890;IDOTRR;6;1930;816;1;TA;120500
1155;13700;NAmes;7;1965;864;1;Gd;201800
1156;10768;Veenker;5;1976;1437;2;Gd;218000
1157;9350;NAmes;5;1965;1219;2;Gd;179900
1158;5001;NridgHt;7;2007;1314;2;Gd;230000
1159;11932;Somerst;8;2007;1580;2;Gd;235128
1160;9120;NWAmes;6;1974;901;2;Gd;185000
1161;2280;NPkVill;6;1978;855;2;TA;146000
1162;14778;Crawfor;6;1954;1296;1;Gd;224000
1163;8724;Sawyer;5;1968;894;1;TA;129000
1164;12900;Sawyer;4;1969;1198;0;TA;108959
1165;16157;Veenker;5;1978;1360;1;Gd;194000
1166;9541;NridgHt;7;2009;1502;2;Gd;233170
1167;10475;CollgCr;8;2008;1694;2;Gd;245350
1168;10852;Gilbert;6;2000;959;2;TA;173000
1169;13728;Edwards;6;1935;1127;2;Gd;235000
1170;35760;NoRidge;10;1995;1930;3;Gd;625000
1171;9880;Mitchel;6;1977;1096;1;TA;171000
1172;9120;NAmes;6;1958;1261;1;TA;163000
1173;4017;Somerst;7;2006;625;2;Gd;171900
1174;18030;ClearCr;5;1946;1598;3;Ex;200500
1175;16560;Crawfor;6;1932;952;2;TA;239000
1176;10678;NoRidge;8;1992;1683;2;Gd;285000
1177;6951;Mitchel;5;1984;876;1;TA;119500
1178;3950;OldTown;6;1926;818;1;TA;115000
1179;7681;Crawfor;5;1921;731;1;TA;154900
1180;8335;Edwards;5;1954;0;1;TA;93000
1181;11170;Timber;7;1990;1216;2;TA;250000
1182;5587;Crawfor;8;2008;1600;2;Gd;392500
1183;15623;NoRidge;10;1996;2396;3;Ex;745000
1184;10800;OldTown;5;1920;1120;1;TA;120000
1185;35133;Timber;5;1963;1572;1;TA;186700
1186;9738;Edwards;5;1924;784;1;TA;104900
1187;10615;OldTown;3;1900;978;2;TA;95000
1188;12461;NoRidge;8;1994;1624;2;Gd;262000
1189;8935;CollgCr;7;2002;831;2;Gd;195000
1190;7500;Gilbert;7;1999;994;2;Gd;189000
1191;32463;Mitchel;4;1961;1249;1;TA;168000
1192;2645;Somerst;8;1999;776;2;Gd;174000
1193;9600;OldTown;5;1925;702;1;Gd;125000
1194;4500;Mitchel;6;1999;1224;2;TA;165000
1195;9364;Sawyer;6;1969;663;1;TA;158000
1196;8029;Gilbert;6;2005;728;2;Gd;176000
1197;14054;Gilbert;7;2006;879;2;Gd;219210
1198;8850;OldTown;7;1916;815;1;TA;144000
1199;9100;CollgCr;7;2001;1212;2;Gd;178000
1200;11235;Sawyer;4;1963;1051;1;TA;148000
1201;9353;NAmes;4;1970;864;1;TA;116050
1202;10400;CollgCr;7;1998;866;2;Gd;197900
1203;6000;BrkSide;5;1925;884;1;TA;117000
1204;9750;CollgCr;7;2000;1630;2;Gd;213000
1205;10140;NWAmes;5;1975;1056;1;TA;153500
1206;14684;SawyerW;7;1990;2158;2;Gd;271900
1207;8900;SawyerW;4;1966;1056;1;TA;107000
1208;9135;CollgCr;6;2003;1682;2;Gd;200000
1209;7763;NAmes;5;1962;931;1;TA;140000
1210;10182;Somerst;8;2006;1660;2;Gd;290000
1211;11218;SawyerW;6;1992;1055;2;Gd;189000
1212;12134;Gilbert;8;1988;559;2;TA;164000
1213;9340;Edwards;4;1941;672;1;TA;113000
1214;10246;Sawyer;4;1965;648;0;TA;145000
1215;10205;NAmes;5;1962;925;1;TA;134500
1216;7094;Sawyer;5;1966;894;1;TA;125000
1217;8930;Sawyer;6;1978;0;2;TA;112000
1218;8640;Somerst;8;2009;1300;2;Gd;229456
1219;6240;BrkSide;4;1947;0;1;TA;80500
1220;1680;BrDale;6;1971;672;1;TA;91500
1221;7800;NAmes;5;1964;912;1;TA;115000
1222;8250;Sawyer;5;1968;952;1;TA;134000
1223;10496;NAmes;6;1949;1040;2;TA;143000
1224;10680;NAmes;5;1951;2136;2;TA;137900
1225;15384;Gilbert;7;2004;788;2;Gd;184000
1226;10482;NAmes;6;1958;588;1;TA;145000
1227;14598;Somerst;6;2007;894;2;Gd;214000
1228;8872;NAmes;5;1965;912;1;Gd;147000
1229;8769;NridgHt;9;2008;1702;1;Ex;367294
1230;7910;NAmes;5;1960;1075;2;TA;127000
1231;18890;Sawyer;5;1977;1361;2;TA;190000
1232;7728;NAmes;5;1962;1106;1;TA;132500
1233;9842;NAmes;4;1962;0;2;TA;101800
1234;12160;NAmes;5;1959;1188;1;TA;142000
1235;8525;SWISU;5;1911;940;1;TA;130000
1236;13132;Crawfor;5;1914;747;1;TA;138887
1237;2628;NridgHt;7;2003;764;2;Gd;175500
1238;12393;CollgCr;7;2004;847;2;Gd;195000
1239;13072;SawyerW;6;2005;1141;1;TA;142500
1240;9037;Timber;8;2006;1476;2;Ex;265900
1241;8158;CollgCr;7;2003;884;2;Gd;224900
1242;9849;Somerst;7;2007;1689;2;Gd;248328
1243;10625;NWAmes;7;1974;1053;2;Gd;170000
1244;13891;NridgHt;10;2006;2076;2;Ex;465000
1245;11435;Crawfor;8;1929;792;1;Gd;230000
1246;12090;NWAmes;6;1984;585;3;TA;178000
1247;8125;Somerst;7;2005;756;2;Gd;186500
1248;12328;Mitchel;6;1976;1012;1;TA;169900
1249;9600;OldTown;6;1917;735;1;TA;129500
1250;7200;NAmes;5;1950;876;1;TA;119000
1251;11160;NAmes;7;1968;2110;2;Ex;244000
1252;3136;NridgHt;7;2003;1405;2;Gd;171750
1253;9858;Mitchel;5;1968;864;1;TA;130000
1254;17542;Veenker;7;1974;1192;2;Gd;294000
1255;6931;Edwards;7;2003;746;2;Gd;165400
1256;6240;BrkSide;6;1931;884;1;TA;127500
1257;14303;NoRidge;8;1994;1986;2;Gd;301500
1258;4060;Edwards;5;1922;864;1;TA;99900
1259;9587;Gilbert;7;2005;856;2;Gd;190000
1260;9750;NAmes;6;1969;1054;1;TA;151000
1261;24682;Gilbert;6;1999;841;2;TA;181000
1262;9600;NAmes;5;1956;1050;1;TA;128900
1263;11250;ClearCr;4;1957;1104;1;TA;161500
1264;13515;BrkSide;6;1919;764;1;TA;180500
1265;4060;NAmes;6;1998;1405;2;Gd;181000
1266;3735;Somerst;7;1999;691;2;Gd;183900
1267;10120;OldTown;7;1910;925;1;TA;122000
1268;13214;Timber;9;2008;2002;2;Ex;378500
1269;14100;Crawfor;8;1935;728;3;Gd;381000
1270;11344;NAmes;5;1958;874;1;TA;144000
1271;23595;ClearCr;7;1979;1332;0;Gd;260000
1272;9156;NWAmes;6;1968;1489;2;Gd;185750
1273;13526;Sawyer;5;1965;935;1;TA;137000
1274;11512;Edwards;6;1959;1019;1;Ex;177000
1275;5362;Crawfor;5;1910;661;2;TA;139000
1276;11345;NAmes;5;1948;928;2;TA;137000
1277;12936;NWAmes;6;1972;723;1;TA;162000
1278;17871;NWAmes;6;1967;1680;1;TA;197900
1279;9473;CollgCr;8;2002;1128;2;Gd;237000
1280;7500;IDOTRR;4;1920;698;1;TA;68400
1281;9808;CollgCr;7;2002;1573;2;Gd;227000
1282;8049;Timber;7;1990;1309;2;TA;180000
1283;8800;CollgCr;5;1977;1040;2;Gd;150500
1284;9400;Mitchel;6;1971;912;2;TA;139000
1285;9638;SWISU;6;1919;804;2;Gd;169000
1286;6000;BrkSide;6;1939;780;1;TA;132500
1287;9790;NWAmes;6;1963;1328;1;TA;143000
1288;36500;ClearCr;5;1964;1624;2;TA;190000
1289;5664;StoneBr;8;2000;1501;2;Ex;278000
1290;11065;NridgHt;8;2006;1085;2;Ex;281000
1291;14112;NAmes;5;1964;1152;1;TA;180500
1292;1680;BrDale;5;1972;630;2;TA;119500
1293;6600;OldTown;5;1892;994;2;TA;107500
1294;10140;NWAmes;7;1976;832;2;TA;162900
1295;8172;Edwards;5;1955;864;1;TA;115000
1296;8400;NAmes;5;1968;1052;1;TA;138500
1297;8700;NAmes;5;1963;1120;2;TA;155000
1298;3675;Edwards;6;2005;547;2;TA;140000
1299;63887;Edwards;10;2008;6110;2;Ex;160000
1300;7500;NAmes;5;1959;1246;1;Gd;154000
1301;10762;Gilbert;7;1999;978;2;Gd;225000
1302;7500;Crawfor;6;1942;771;1;Gd;177500
1303;10120;NoRidge;8;1994;1165;2;Gd;290000
1304;8688;Somerst;7;2005;1616;2;Gd;232000
1305;3363;Edwards;7;2004;976;2;Gd;130000
1306;13173;NridgHt;9;2006;1652;2;Ex;325000
1307;6955;NridgHt;7;2005;1368;2;Gd;202500
1308;8072;CollgCr;5;1994;990;1;TA;138000
1309;12000;OldTown;5;1948;924;1;Gd;147000
1310;7153;SawyerW;6;1991;1278;2;Gd;179200
1311;17500;Crawfor;7;1959;1902;2;Ex;335000
1312;8814;CollgCr;7;2005;1274;2;Gd;203000
1313;9572;NoRidge;8;1990;1453;2;Gd;302000
1314;14774;NoRidge;9;1999;1393;2;Gd;333168
1315;8190;Edwards;4;1954;948;1;TA;119000
1316;11075;NAmes;6;1969;952;2;TA;206900
1317;10226;CollgCr;8;2008;1622;2;Ex;295493
1318;4230;Somerst;7;2006;1352;2;Gd;208900
1319;14781;CollgCr;8;2001;1753;2;Gd;275000
1320;10215;Edwards;4;1954;864;1;TA;111000
1321;8400;NAmes;6;1957;1478;1;TA;156500
1322;6627;BrkSide;3;1949;0;1;TA;72500
1323;10186;NoRidge;7;1992;750;2;Gd;190000
1324;5330;BrkSide;4;1940;420;1;Fa;82500
1325;9986;Somerst;8;2006;1795;2;Gd;147000
1326;3636;IDOTRR;4;1922;796;1;TA;55000
1327;4270;Edwards;3;1931;544;1;Gd;79000
1328;6600;Mitchel;5;1982;816;1;Gd;130500
1329;10440;OldTown;6;1920;1510;2;TA;256000
1330;9084;Gilbert;7;1998;935;2;TA;176500
1331;10000;Somerst;8;2006;1588;2;Gd;227000
1332;10780;CollgCr;5;1976;911;1;TA;132500
1333;8877;Edwards;4;1938;816;1;TA;100000
1334;7200;IDOTRR;5;1938;803;1;Gd;125500
1335;2368;BrDale;5;1970;765;1;TA;125000
1336;9650;NWAmes;6;1977;1350;2;TA;167900
1337;9246;NWAmes;5;1973;1656;2;TA;135000
1338;4118;OldTown;4;1941;693;1;Fa;52500
1339;13450;CollgCr;7;2002;916;2;Gd;200000
1340;9560;CollgCr;5;1972;864;1;TA;128500
1341;8294;NAmes;4;1971;858;1;TA;123000
1342;13695;SawyerW;6;2003;1114;1;Gd;155000
1343;9375;CollgCr;8;2002;1284;2;Gd;228500
1344;7558;Crawfor;6;1928;896;1;TA;177000
1345;11103;CollgCr;7;2006;728;2;Gd;155835
1346;6000;OldTown;4;1920;960;1;Fa;108500
1347;20781;NWAmes;7;1968;1568;2;TA;262500
1348;15306;Timber;8;2006;1732;2;Gd;283463
1349;16196;SawyerW;7;1998;1482;2;Gd;215000
1350;5250;OldTown;8;1872;684;2;TA;122000
1351;11643;NAmes;5;1969;1248;2;TA;200000
1352;9247;NAmes;6;1962;858;1;TA;171000
1353;6000;BrkSide;6;1937;698;1;TA;134900
1354;14720;NoRidge;8;1995;2033;2;Gd;410000
1355;10316;CollgCr;7;2000;992;2;Gd;235000
1356;10192;NWAmes;7;1968;570;3;Gd;170000
1357;9477;NAmes;5;1966;864;1;TA;110000
1358;12537;NAmes;5;1971;1078;1;TA;149900
1359;2117;Somerst;6;2000;756;2;Gd;177500
1360;16737;NridgHt;9;2004;1980;2;Ex;315000
1361;9842;SWISU;5;1921;612;3;TA;189000
1362;16158;StoneBr;7;2005;1530;2;Gd;260000
1363;12513;NAmes;4;1920;715;2;TA;104900
1364;8499;Gilbert;6;2006;616;2;Gd;156932
1365;3180;Somerst;7;2005;600;2;Gd;144152
1366;7500;Somerst;7;2000;814;2;Gd;216000
1367;9179;CollgCr;7;1999;873;2;Gd;193000
1368;2665;MeadowV;5;1977;757;2;TA;127000
1369;4435;CollgCr;6;2003;848;1;Gd;144000
1370;10635;CollgCr;8;2003;1657;2;Gd;232000
1371;5400;OldTown;4;1920;840;1;TA;105000
1372;9600;NAmes;6;1955;992;1;Gd;165500
1373;9750;CollgCr;7;1998;1108;2;Gd;274300
1374;11400;NoRidge;10;2001;2633;2;Ex;466500
1375;10625;Somerst;7;2005;1026;2;Gd;250000
1376;10991;Timber;8;2007;1571;2;Gd;239000
1377;6292;SWISU;6;1930;768;1;TA;91000
1378;10998;Edwards;5;1941;984;2;TA;117000
1379;1953;BrDale;6;1973;483;1;TA;83000
1380;9735;Timber;5;2006;384;2;Gd;167500
1381;8212;Edwards;3;1914;864;1;TA;58500
1382;12925;NAmes;6;1970;1205;2;TA;237500
1383;7200;OldTown;7;1920;596;1;Gd;157000
1384;25339;Sawyer;5;1918;816;2;Gd;112000
1385;9060;Edwards;6;1939;560;1;TA;105000
1386;5436;IDOTRR;4;1922;796;1;Gd;125500
1387;16692;NWAmes;7;1978;1392;3;Gd;250000
1388;8520;OldTown;6;1916;714;2;Gd;136000
1389;14892;Gilbert;9;2006;1746;2;Ex;377500
1390;6000;BrkSide;6;1941;735;1;TA;131000
1391;9100;CollgCr;7;2000;1525;2;Gd;235000
1392;8944;NAmes;5;1967;1584;2;TA;124000
1393;7838;NAmes;5;1967;864;1;TA;123000
1394;10800;OldTown;6;1905;482;2;TA;163000
1395;4045;Blmngtn;7;2006;1356;2;Gd;246578
1396;12665;Timber;8;2005;1094;2;Gd;281213
1397;57200;Timber;5;1948;747;1;TA;160000
1398;6120;BrkSide;5;1920;939;1;TA;137500
1399;7200;NAmes;5;1950;1208;1;TA;138000
1400;6171;SWISU;6;1925;976;2;Gd;137450
1401;6000;BrkSide;6;1929;862;1;TA;120000
1402;7415;Gilbert;6;2004;839;2;TA;193000
1403;6762;CollgCr;7;2006;1286;2;Gd;193879
1404;15256;Somerst;8;2007;1485;2;Gd;282922
1405;10410;OldTown;3;1915;672;1;TA;105000
1406;3842;Crawfor;8;2004;1594;2;Gd;275000
1407;8445;CollgCr;5;1972;768;1;TA;133000
1408;8780;Mitchel;5;1985;833;1;TA;112000
1409;7740;OldTown;4;1910;622;1;TA;125500
1410;20544;NWAmes;7;1986;791;2;TA;215000
1411;12420;CollgCr;7;2001;944;2;Gd;230000
1412;9600;NAmes;6;1950;856;1;TA;140000
1413;7200;NAmes;4;1949;0;2;TA;90000
1414;10994;SawyerW;8;2005;1844;2;Gd;257000
1415;13053;BrkSide;6;1923;833;1;Gd;207000
1416;3635;Blmngtn;7;2007;1386;2;Gd;175900
1417;11340;OldTown;4;1885;777;2;TA;122500
1418;16545;NoRidge;8;1998;1284;2;Gd;340000
1419;9204;NAmes;5;1963;1144;1;TA;124000
1420;16381;Crawfor;6;1969;1844;2;Gd;223000
1421;11700;NWAmes;6;1968;708;2;TA;179900
1422;4043;NPkVill;6;1977;1069;2;TA;127500
1423;4435;CollgCr;6;2003;848;1;Gd;136500
1424;19690;Edwards;6;1966;697;2;Gd;274970
1425;9503;NAmes;5;1958;1024;1;TA;144000
1426;10721;NAmes;6;1959;1252;1;Gd;142000
1427;10944;NoRidge;7;1994;1223;2;Gd;271000
1428;10930;NAmes;5;1945;913;1;TA;140000
1429;7200;OldTown;5;1940;788;1;Gd;119000
1430;12546;NWAmes;6;1981;1440;2;Gd;182900
1431;21930;Gilbert;5;2005;732;2;TA;192140
1432;4928;NPkVill;6;1976;958;2;TA;143750
1433;10800;OldTown;4;1927;656;2;TA;64500
1434;10261;Gilbert;6;2000;936;2;TA;186500
1435;17400;Mitchel;5;1977;1126;2;TA;160000
1436;8400;NAmes;6;1962;1319;1;Gd;174000
1437;9000;NAmes;4;1971;864;1;TA;120500
1438;12444;NridgHt;8;2008;1932;2;Ex;394617
1439;7407;OldTown;6;1957;912;1;TA;149700
1440;11584;NWAmes;7;1979;539;2;TA;197000
1441;11526;Crawfor;6;1922;588;2;TA;191000
1442;4426;CollgCr;6;2004;848;1;Gd;149300
1443;11003;Somerst;10;2008;1017;2;Ex;310000
1444;8854;BrkSide;6;1916;952;1;Fa;121000
1445;8500;CollgCr;7;2004;1422;2;Gd;179600
1446;8400;Sawyer;6;1966;814;1;TA;129000
1447;26142;Mitchel;5;1962;1188;1;TA;157900
1448;10000;CollgCr;8;1995;1220;2;Gd;240000
1449;11767;Edwards;4;1910;560;1;TA;112000
1450;1533;MeadowV;5;1970;630;1;Ex;92000
1451;9000;NAmes;5;1974;896;2;TA;136000
1452;9262;Somerst;8;2008;1573;2;Ex;287090
1453;3675;Edwards;5;2005;547;1;TA;145000
1454;17217;Mitchel;5;2006;1140;1;TA;84500
1455;7500;Somerst;7;2004;1221;2;Gd;185000
1456;7917;Gilbert;6;1999;953;2;TA;175000
1457;13175;NWAmes;6;1978;1542;2;TA;210000
1458;9042;Crawfor;7;1941;1152;2;Gd;266500
1459;9717;NAmes;5;1950;1078;1;Gd;142125
1460;9937;Edwards;5;1965;1256;1;TA;147500
